resp.rt,resp.key,
0.481072631166,space,
0.344727440679,space,
0.322024624882,space,
