resp.rt,resp.key,
0.360319120799,space,
0.323397191707,space,
0.288329826584,space,
0.32883574595,space,
