resp.rt,resp.key,
0.210719108582,space,
0.224828004837,space,
0.214427947998,space,
0.1405210495,space,
0.197692871094,space,
